{"input": {"load_position": [350.0, 450.0], "load_value": [-50.0, 0.0, 0.0], "length_X": 100.0, "length_Y": 100.0, "thickness": 10.0, "young_modulus": 200.0, "poisson_ratio": 0.3, "yield_strength": 7800.0, "number_of_modes_X": 10, "number_of_modes_Y": 10, "grid_data": {"nx": 150, "ny": 200}, "stifness": {"D": [[22435.897435897434, 9615.384615384613, 0.0], [9615.384615384613, 22435.89743589743, 0.0], [0.0, 0.0, 6410.256410256409]], "S": [[641.0256410256405, 0.0], [0.0, 641.0256410256412]]}}, "output": {"res3d": "_00000000001_res3d.parquet", "res2d": "_00000000001_res2d.parquet"}}